CD001920	"((stroke[Mesh] OR ""Cerebrovascular Disorders""[Mesh] OR ""Brain Ischemia""[Mesh] OR ""Brain Infarction""[Mesh] OR ""Intracranial Hemorrhages""[Mesh] OR ""Subarachnoid Hemorrhage""[Mesh] OR ""Carotid Artery Diseases""[Mesh] OR ""Intracranial Embolism and Thrombosis""[Mesh] OR ""Hemiplegia""[Mesh] OR ""Paresis""[Mesh] OR ""Gait Disorders, Neurologic""[Mesh] OR stroke[tiab] OR poststroke[tiab] OR post-stroke[tiab] OR cerebrovasc*[tiab] OR cva[tiab] OR apoplex*[tiab] OR SAH[tiab] OR ischemia[tiab] OR ischaemia[tiab] OR infarct*[tiab] OR thrombo*[tiab] OR emboli*[tiab] OR occlus*[tiab] OR hemorrhage*[tiab] OR haemorrhage*[tiab] OR hematoma*[tiab] OR haematoma*[tiab] OR bleed*[tiab] OR hemipleg*[tiab] OR hemipar*[tiab] OR paresis[tiab] OR paretic[tiab]) AND (rehabilitation[Mesh] OR ""Physical Therapy Modalities""[Mesh] OR ""Exercise Therapy""[Mesh] OR ""Occupational Therapy""[Mesh] OR Feedback[Mesh] OR ""Biofeedback, Psychology""[Mesh] OR Neurofeedback[Mesh] OR Exercise[Mesh] OR physiotherapy[tiab] OR ""physical therapy""[tiab] OR ""exercise therapy""[tiab] OR rehabilitation[tiab] OR neurorehabilitation[tiab] OR feedback[tiab] OR biofeedback[tiab] OR ""motor training""[tiab] OR ""motor retraining""[tiab] OR ""motor learning""[tiab] OR ""neuromuscular facilitation""[tiab] OR movement[tiab] OR Bobath[tiab] OR Carr[tiab] OR Brunnstrom[tiab] OR Rood[tiab] OR Johnstone[tiab] OR NDT[tiab]) AND (""Psychomotor Performance""[Mesh] OR ""Motor Skills""[Mesh] OR ""Task Performance and Analysis""[Mesh] OR Learning[Mesh] OR Movement[Mesh] OR Locomotion[Mesh] OR Walking[Mesh] OR Gait[Mesh] OR ""Motor Activity""[Mesh] OR ""Range of Motion, Articular""[Mesh] OR ""Postural Balance""[Mesh] OR Posture[Mesh] OR Supination[Mesh] OR Pronation[Mesh] OR ""Weight-Bearing""[Mesh] OR ""Lower Extremity""[Mesh] OR Back[Mesh] OR motor[tiab] OR gait[tiab] OR walking[tiab] OR walk[tiab] OR mobility[tiab] OR locomotion[tiab] OR movement[tiab] OR learning[tiab] OR conditioning[tiab] OR balance[tiab] OR equilibrium[tiab] OR posture[tiab] OR postur*[tiab] OR supination[tiab] OR pronation[tiab] OR ""body sway""[tiab] OR stance[tiab] OR strength[tiab] OR weight-bearing[tiab] OR ""weight bearing""[tiab] OR ""body weight support""[tiab] OR sitting[tiab] OR standing[tiab] OR stepping[tiab] OR climbing[tiab] OR ""lower limb""[tiab] OR ""lower limbs""[tiab] OR ""lower extremity""[tiab] OR ""lower extremities""[tiab] OR ankle[tiab] OR leg[tiab] OR heel[tiab] OR calf[tiab] OR knee[tiab] OR hip[tiab] OR thigh[tiab] OR foot[tiab] OR trunk[tiab])) NOT (animals[Mesh] NOT humans[Mesh]) AND (randomized controlled trial[pt] OR controlled clinical trial[pt] OR clinical trial[pt] OR random*[tiab] OR RCT[tiab] OR RCTs[tiab] OR controlled[tiab] OR clinical trial[tiab] OR placebo*[tiab] OR sham[tiab] OR assign*[tiab] OR allocat*[tiab] OR controls[tiab] OR trial[ti]) AND 2005:2012[dp]"
CD006103	"(cytisine[tiab] OR Tabex[tiab] OR dianicline[tiab] OR varenicline[tiab] OR champix[tiab] OR chantix[tiab] OR ""Nicotine/agonists""[Mesh] OR ""Nicotine/antagonists and inhibitors""[Mesh] OR ""Nicotinic Agonists""[Mesh] OR ""Nicotinic Antagonists""[Mesh] OR nicotinic agonist*[tiab] OR nicotinic antagonist*[tiab] OR (nicotin*[tiab] AND partial[tiab])) AND 1800:2023[dp]"
CD008973	"((Phimosis[Mesh] OR Penis[Mesh] OR Foreskin[Mesh] OR ""Circumcision, Male""[Mesh] OR phimosis[tiab] OR phimoses[tiab] OR paraphimosis[tiab] OR paraphimoses[tiab] OR penis[tiab] OR foreskin[tiab] OR prepuce[tiab] OR circumcision[tiab]) AND (Glucocorticoids[Mesh] OR ""Adrenal Cortex Hormones""[Mesh] OR Steroids[Mesh] OR steroid*[tiab] OR corticoid*[tiab] OR corticosteroid*[tiab] OR glucocorticoid*[tiab] OR betamethasone[tiab] OR clobetasol[tiab] OR triamcinolone[tiab] OR mometasone[tiab])) AND 1800:2024[dp]"
CD010216	"((((""Electronic Nicotine Delivery Systems""[Mesh] OR e-cig*[tiab] OR ecig*[tiab] OR ""electronic nicotine""[tiab] OR vape[tiab] OR vapes[tiab] OR vaporizer[tiab] OR vapourizer[tiab] OR vaporiser[tiab] OR vapouriser[tiab] OR vaper[tiab] OR vapers[tiab] OR vaping[tiab]) AND (randomized controlled trial[pt] OR controlled clinical trial[pt] OR randomized[tiab] OR placebo[tiab] OR ""Clinical Trials as Topic""[Mesh] OR randomly[tiab] OR trial[ti]) NOT (animals[Mesh] NOT humans[Mesh])) OR ((""Case-Control Studies""[Mesh] OR ""Cohort Studies""[Mesh] OR ""case control""[tiab] OR cohort[tiab] OR ""cohort study""[tiab] OR ""cohort studies""[tiab] OR ""cohort analysis""[tiab] OR ""cohort analyses""[tiab] OR ""follow up study""[tiab] OR ""follow up studies""[tiab] OR ""follow-up study""[tiab] OR ""follow-up studies""[tiab] OR ""observational study""[tiab] OR ""observational studies""[tiab] OR longitudinal[tiab]) AND (""Electronic Nicotine Delivery Systems""[Mesh] OR e-cig*[tiab] OR ecig*[tiab] OR ""electronic nicotine""[tiab] OR vape[tiab] OR vapes[tiab] OR vaporizer[tiab] OR vapourizer[tiab] OR vaporiser[tiab] OR vapouriser[tiab] OR vaper[tiab] OR vapers[tiab] OR vaping[tiab]))) AND (""Smoking Cessation""[Mesh] OR ""Tobacco Use Cessation""[Mesh] OR ""Tobacco Use Disorder""[Mesh] OR ""Smoking/therapy""[Mesh] OR ""Smoking Reduction""[Mesh] OR ""Pipe Smoking""[Mesh] OR ""Tobacco Smoking""[Mesh] OR ""Tobacco Products""[Mesh] OR Tobacco[Mesh] OR Nicotine[Mesh] OR ""smoking cessation""[tiab] OR ""tobacco cessation""[tiab] OR ""nicotine dependence""[tiab] OR ""tobacco dependence""[tiab] OR ""smoking reduction""[tiab] OR ((quit*[tiab] OR stop*[tiab] OR ceas*[tiab] OR giv*[tiab] OR abstain*[tiab] OR abstinen*[tiab]) AND (smoking[tiab] OR smoke*[tiab] OR tobacco[tiab])))) AND 1800:2024[dp]"
CD013166	"((""Extracorporeal Shockwave Therapy""[Mesh] OR ""Ultrasonic Therapy""[Mesh] OR shock wave*[tiab] OR shockwave*[tiab] OR (ultraso*[tiab] AND therap*[tiab]) OR ESWT[tiab] OR ECSW[tiab]) AND (""Erectile Dysfunction""[Mesh] OR ""Impotence, Vasculogenic""[Mesh] OR ""erectile dysfunction""[tiab] OR ""erectile dysfunctions""[tiab] OR ""erectile function""[tiab] OR ""erectile functions""[tiab] OR ""erectile failure""[tiab] OR ""erectile failures""[tiab] OR ""erection failure""[tiab] OR ""erection failures""[tiab] OR ED[tiab] OR ""penile erection""[tiab] OR ""penile erections""[tiab] OR impotenc*[tiab] OR ((sexual[tiab] OR sex[tiab]) AND (function*[tiab] OR dysfunction*[tiab] OR problem*[tiab] OR symptom*[tiab] OR arous*[tiab]))) AND (randomized controlled trial[pt] OR controlled clinical trial[pt] OR randomized[tiab] OR placebo[tiab] OR drug therapy[sh] OR randomly[tiab] OR trial[tiab] OR groups[tiab])) NOT (animals[Mesh] NOT humans[Mesh]) AND 1800:2023[dp]"
CD013603	"((""Delivery of Health Care, Integrated""[Mesh] OR ((integrat*[ti] OR coordinat*[ti] OR ""co ordinate""[ti] OR ""co ordinated""[ti] OR ""co ordination""[ti]) AND (care[ti] OR healthcare[ti] OR ""primary health""[ti] OR service*[ti])) OR ((integrat*[tiab] OR coordinat*[tiab] OR ""co ordinate""[tiab] OR ""co ordinated""[tiab] OR ""co ordination""[tiab]) AND (care[tiab] OR healthcare[tiab] OR ""primary health""[tiab] OR service*[tiab]))) AND (""Qualitative Research""[Mesh] OR ""Interviews as Topic""[Mesh] OR qualitative[tiab] OR interview*[tiab] OR themes[tiab] OR ""mixed method""[tiab] OR ""mixed methods""[tiab])) AND 1800:2023[dp]"
CD013763	"((""erector spinae plane""[tiab] OR ESP block*[tiab] OR (""erector spinae""[tiab] AND (anesth*[tiab] OR anaesth*[tiab] OR analg*[tiab])) OR (paraspinal[tiab] AND block*[tiab])) AND ((randomized controlled trial[pt] OR controlled clinical trial[pt] OR randomized[tiab] OR randomised[tiab] OR placebo[tiab] OR randomly[tiab] OR trial[tiab] OR groups[tiab]) OR ""Systematic Review""[Publication Type] OR Meta-Analysis[Publication Type] OR systemat*[tiab] OR meta analy*[tiab] OR metaanaly*[tiab])) NOT (animals[Mesh] NOT humans[Mesh]) AND 1800:2023[dp]"
CD013856	"((""Parkinson Disease""[Mesh] OR parkinson*[tiab]) AND (Software[Mesh] OR software[tiab] OR game[tiab] OR gaming[tiab] OR play*[tiab] OR simulation*[tiab] OR program*[tiab] OR techni*[tiab] OR video[tiab] OR ""Virtual Reality Exposure Therapy""[Mesh] OR ""user-computer interface""[tiab] OR interactive[tiab] OR virtual*[tiab] OR vr[tiab] OR augmented[tiab] OR exergam*[tiab] OR kinect[tiab] OR ""nintendo wii""[tiab] OR ""microsoft xbox""[tiab] OR biofeedback[tiab] OR Movement[Mesh] OR movement[tiab] OR ""Physical Therapy Modalities""[Mesh] OR ""Physical Fitness""[Mesh] OR fitness[tiab] OR ""Muscle Strength""[Mesh] OR strength[tiab] OR muscle[tiab] OR locomot*[tiab] OR ""Body Weight""[Mesh] OR ""body weight""[tiab] OR ""weight training""[tiab] OR ""motor activity""[tiab] OR Exercise[Mesh] OR exercise*[tiab] OR activit*[tiab] OR sport*[tiab] OR train*[tiab] OR intervention*[tiab] OR condition*[tiab] OR ""Physical Endurance""[Mesh] OR endurance[tiab] OR Gait[Mesh] OR gait*[tiab] OR ""postural balance""[tiab] OR Dancing[Mesh] OR danc*[tiab] OR tango[tiab] OR ""Martial Arts""[Mesh] OR ""martial art""[tiab] OR ""martial arts""[tiab] OR aerobic[tiab] OR boxing[tiab] OR shadowboxing[tiab] OR treadmill*[tiab] OR karate[tiab] OR Walking[Mesh] OR walking[tiab] OR Bicycling[Mesh] OR bicycle*[tiab] OR ""Medicine, Chinese Traditional""[Mesh] OR ""traditional chinese exercise""[tiab] OR ""Mind-Body Therapies""[Mesh] OR ""mind body""[tiab] OR ""Tai Ji""[Mesh] OR ""tai chi""[tiab] OR taiji*[tiab] OR taichi*[tiab] OR ""t'ai chi""[tiab] OR wuqinxi[tiab] OR baduanjin[tiab] OR yijiejing[tiab] OR Qigong[Mesh] OR qi-gong*[tiab] OR qigong*[tiab] OR yoga[tiab] OR asana[tiab] OR pranayama[tiab] OR dhyana[tiab] OR pilates[tiab] OR Rehabilitation[Mesh] OR rehab*[tiab] OR Therapeutics[Mesh] OR therap*[tiab] OR physical*[tiab] OR physiotherapy[tiab] OR ""exercise therapy""[tiab] OR ""Exercise Test""[Mesh] OR ""exercise test""[tiab] OR ""strengthening program""[tiab] OR ""strengthening programs""[tiab] OR ""progressive resistance training""[tiab] OR cardiorespiratory[tiab] OR ""Cardiovascular System""[Mesh] OR cardiovascular[tiab] OR aqua*[tiab] OR hydrotherapy[tiab] OR lsvt-big[tiab] OR lsvtbig[tiab] OR ""Lee Silverman Voice Treatment""[tiab] OR periodicity[tiab] OR ""socio environmental""[tiab] OR ""whole body vibration""[tiab]) AND (randomized controlled trial[pt] OR controlled clinical trial[pt] OR randomized[tiab] OR randomised[tiab] OR placebo[tiab] OR ""Clinical Trials as Topic""[Mesh] OR randomly[tiab] OR trial[ti])) NOT (animals[Mesh] NOT humans[Mesh]) AND 1800:2023[dp]"
CD013862	"((Diet[Mesh] OR Nutrition*[tiab] OR (health*[tiab] AND eat*[tiab]) OR ""Child Nutrition Sciences""[Mesh] OR Fruit[Mesh] OR Fruit*[tiab] OR Vegetable[Mesh] OR Vegetable*[tiab] OR ((Fruit[tiab] OR vegetable[tiab]) AND juice[tiab]) OR Canteen[tiab] OR ""Food Services""[Mesh] OR Menu*[tiab] OR Calories[tiab] OR kilocalories[tiab] OR kilojoules[tiab] OR ""Energy density""[tiab] OR Eating[Mesh] OR ""Feeding Behavior""[Mesh] OR ""feeding behavior""[tiab] OR ""feeding behaviour""[tiab] OR ""Dietary intake""[tiab] OR ""Food Habits""[Mesh] OR Food[Mesh] OR ""Carbonated Beverages""[Mesh] OR ""Soft drink""[tiab] OR ""Soft drinks""[tiab] OR Soda[tiab] OR ""Sugar-Sweetened Beverages""[Mesh] OR ""Dietary Fats""[Mesh] OR Confectionary[tiab] OR (school[tiab] AND (lunch*[tiab] OR meal*[tiab])) OR ""Menu planning""[tiab] OR ""Feeding program""[tiab] OR ""Feeding programs""[tiab] OR ""Food program""[tiab] OR ""Food programs""[tiab] OR (nutrition*[tiab] AND program*[tiab]) OR Cafeteria*[tiab] OR ""Nutritional Status""[Mesh] OR ""Dietary salt""[tiab] OR ""Table salt""[tiab]) AND (""Child, Preschool""[Mesh] OR ""Child Day Care Centers""[Mesh] OR childcare*[tiab] OR ""child care""[tiab] OR ""child care centers""[tiab] OR daycare*[tiab] OR ""day care""[tiab] OR ""Early child""[tiab] OR ""Early childhood""[tiab] OR nursery[tiab] OR nurseries[tiab] OR Kinder*[tiab] OR family[tiab] OR ""home base""[tiab] OR homebased[tiab] OR ""in home""[tiab] OR pre-school*[tiab] OR preschool*[tiab]) AND (randomized controlled trial[pt] OR controlled clinical trial[pt] OR randomized[tiab] OR trial[ti] OR randomly[tiab] OR ""Clinical Trials as Topic""[Mesh])) NOT (animals[Mesh] NOT humans[Mesh]) AND 1800:2023[dp]"
CD014160	"((""Acupuncture Therapy""[Mesh] OR Acupuncture[Mesh] OR ""Acupuncture Points""[Mesh] OR ""Acupuncture Analgesia""[Mesh] OR ""Acupuncture, Ear""[Mesh] OR Meridians[Mesh] OR ""Low-Level Light Therapy""[Mesh] OR acupuncture*[tiab] OR acupoint*[tiab] OR acupressure*[tiab] OR ""catgut embedding""[tiab] OR electroacupuncture*[tiab] OR electro-acupuncture*[tiab] OR pharmacopuncture[tiab] OR meridian*[tiab] OR ""transcutaneous electric nerve stimulation""[tiab] OR NESAP[tiab] OR neuromodulat*[tiab] OR ""electric stimulation therapy""[tiab] OR ""electric stimulation therapies""[tiab] OR ""neuroelectric therapy""[tiab] OR ""neuroelectric therapies""[tiab] OR ""neuro-electric therapy""[tiab] OR ""neuro-electric therapies""[tiab] OR ""low-level laser therapy""[tiab] OR ""low-level laser therapies""[tiab] OR ""low-level light therapy""[tiab] OR ""low-level light therapies""[tiab] OR photobiomodulat*[tiab] OR LLLT[tiab] OR ""low-power laser therapy""[tiab] OR ""low-power laser therapies""[tiab] OR ""low-power laser irradiation""[tiab] OR ""laser biostimulation""[tiab] OR ""laser phototherapy""[tiab]) AND (""Neonatal Abstinence Syndrome""[Mesh] OR ""Substance Withdrawal Syndrome""[Mesh] OR ""neonatal abstinence""[tiab] OR ""neonatal withdrawal""[tiab] OR ""neonatal passive addiction""[tiab] OR ""prenatal substance use""[tiab] OR ""neonatal substance use""[tiab] OR ((substance[tiab] OR opioid[tiab] OR abstinence*[tiab] OR withdrawal*[tiab] OR ""passive addiction""[tiab]) AND (prenat*[tiab] OR neonat*[tiab] OR infant*[tiab] OR newborn*[tiab] OR ""newly born""[tiab] OR gestational[tiab])) OR NAS[tiab] OR NWS[tiab] OR NPA[tiab] OR NOWS[tiab] OR PSU[tiab] OR NSU[tiab] OR PPA[tiab])) AND 1800:2023[dp]"
CD014226	"((""Aortic Aneurysm""[Mesh] OR ""Aorta, Abdominal""[Mesh] OR AAA*[tiab] OR (aneurysm*[tiab] AND (abdom*[tiab] OR thoracoabdom*[tiab] OR thoraco-abdom*[tiab] OR aort*[tiab])) OR (aort*[tiab] AND (balloon*[tiab] OR dilat*[tiab] OR bulg*[tiab])) OR (abdom*[tiab] AND (balloon*[tiab] OR dilat*[tiab] OR bulg*[tiab])) OR (aneurism*[tiab] AND (abdom*[tiab] OR thoracoabdom*[tiab] OR thoraco-abdom*[tiab] OR aort*[tiab]))) AND (FEVAR[tiab] OR F-EVAR[tiab] OR fenestrat*[tiab] OR ""Blood Vessel Prosthesis""[Mesh] OR ""Endovascular Procedures""[Mesh] OR ""Blood Vessel Prosthesis Implantation""[Mesh]) AND (randomized controlled trial[pt] OR controlled clinical trial[pt] OR randomized[tiab] OR placebo[tiab] OR drug therapy[sh] OR randomly[tiab] OR trial[tiab] OR groups[tiab])) NOT (animals[Mesh] NOT humans[Mesh]) AND 1800:2023[dp]"
CD014612	"((""Gastric Bypass""[Mesh] OR ""Bariatric Surgery""[Mesh] OR ((gastric[tiab] OR gastro*[tiab] OR stomach[tiab]) AND bypass[tiab]) OR roux-en-y[tiab] OR RYGB[tiab] OR gastrojejunostom*[tiab] OR (bariatric[tiab] AND (surger*[tiab] OR procedure*[tiab] OR technique*[tiab]))) AND (mesenter*[tiab] OR Hernia[Mesh] OR (internal[tiab] AND hernia*[tiab])) AND (closure*[tiab] OR close*[tiab])) AND 1800:2023[dp]"
CD015127	"(((""Proton Pump Inhibitors""[Mesh] OR Dexlansoprazole[Mesh] OR Esomeprazole[Mesh] OR Lansoprazole[Mesh] OR Omeprazole[Mesh] OR Pantoprazole[Mesh] OR Rabeprazole[Mesh] OR PPI[tiab] OR PPIs[tiab] OR ""proton pump inhibitor""[tiab] OR ""proton pump inhibitors""[tiab] OR dexlansoprazole[tiab] OR Dexilant[tiab] OR esomeprazol*[tiab] OR Nexium[tiab] OR lansoprazol*[tiab] OR Prevacid[tiab] OR omeprazol*[tiab] OR Prilosec[tiab] OR Losec[tiab] OR pantoprazol*[tiab] OR Protonix[tiab] OR rabeprazol*[tiab] OR Aciphex[tiab] OR Pariet[tiab]) AND (""Infant, Newborn""[Mesh] OR ""Intensive Care, Neonatal""[Mesh] OR ""Intensive Care Units, Neonatal""[Mesh] OR ""Gestational Age""[Mesh] OR babe[tiab] OR babes[tiab] OR baby*[tiab] OR babies[tiab] OR ""gestational age""[tiab] OR infant*[tiab] OR infantile[tiab] OR infancy[tiab] OR ""low birth weight""[tiab] OR ""low birthweight""[tiab] OR neonat*[tiab] OR neo-nat*[tiab] OR newborn*[tiab] OR ""new born""[tiab] OR ""newly born""[tiab] OR premature[tiab] OR pre-mature*[tiab] OR prematures[tiab] OR prematurity[tiab] OR preterm[tiab] OR preterms[tiab] OR ""pre term""[tiab] OR preemie[tiab] OR preemies[tiab] OR premies[tiab] OR premie[tiab] OR VLBW[tiab] OR VLBWI[tiab] OR VLBW-I[tiab] OR VLBWs[tiab] OR LBW[tiab] OR LBWI[tiab] OR LBWs[tiab] OR ELBW[tiab] OR ELBWI[tiab] OR ELBWs[tiab] OR NICU[tiab] OR NICUs[tiab]) AND ((randomized controlled trial[pt] OR controlled clinical trial[pt] OR randomized[tiab] OR randomised[tiab] OR placebo[tiab] OR drug therapy[sh] OR randomly[tiab] OR trial[tiab] OR groups[tiab] OR quasirandom*[tiab] OR quasi-random*[tiab] OR randomi*[tiab] OR (control*[tiab] AND (group*[tiab] OR trial*[tiab] OR study[tiab] OR studies[tiab]))) NOT (animals[Mesh] NOT humans[Mesh]))) OR ((""Proton Pump Inhibitors""[Mesh] OR Dexlansoprazole[Mesh] OR Esomeprazole[Mesh] OR Lansoprazole[Mesh] OR Omeprazole[Mesh] OR Pantoprazole[Mesh] OR Rabeprazole[Mesh] OR PPI[tiab] OR PPIs[tiab] OR ""proton pump inhibitor""[tiab] OR ""proton pump inhibitors""[tiab] OR dexlansoprazole[tiab] OR Dexilant[tiab] OR esomeprazol*[tiab] OR Nexium[tiab] OR lansoprazol*[tiab] OR Prevacid[tiab] OR omeprazol*[tiab] OR Prilosec[tiab] OR Losec[tiab] OR pantoprazol*[tiab] OR Protonix[tiab] OR rabeprazol*[tiab] OR Aciphex[tiab] OR Pariet[tiab]) AND (""Infant, Newborn""[Mesh] OR ""Intensive Care, Neonatal""[Mesh] OR ""Intensive Care Units, Neonatal""[Mesh] OR ""Gestational Age""[Mesh] OR babe[tiab] OR babes[tiab] OR baby*[tiab] OR babies[tiab] OR ""gestational age""[tiab] OR infant*[tiab] OR infantile[tiab] OR infancy[tiab] OR ""low birth weight""[tiab] OR ""low birthweight""[tiab] OR neonat*[tiab] OR neo-nat*[tiab] OR newborn*[tiab] OR ""new born""[tiab] OR ""newly born""[tiab] OR premature[tiab] OR pre-mature*[tiab] OR prematures[tiab] OR prematurity[tiab] OR preterm[tiab] OR preterms[tiab] OR ""pre term""[tiab] OR preemie[tiab] OR preemies[tiab] OR premies[tiab] OR premie[tiab] OR VLBW[tiab] OR VLBWI[tiab] OR VLBW-I[tiab] OR VLBWs[tiab] OR LBW[tiab] OR LBWI[tiab] OR LBWs[tiab] OR ELBW[tiab] OR ELBWI[tiab] OR ELBWs[tiab] OR NICU[tiab] OR NICUs[tiab]) AND (""Systematic Review""[Publication Type] OR Meta-Analysis[Publication Type] OR ""Meta-Analysis as Topic""[Mesh] OR ""Network Meta-Analysis""[Publication Type] OR ""Network Meta-Analysis""[Mesh] OR systematic*[tiab] OR meta analy*[tiab] OR metanaly*[tiab] OR metaregression*[tiab] OR ""data synthesis""[tiab] OR ""data extraction""[tiab] OR ""data abstraction""[tiab] OR handsearch*[tiab] OR ""hand search""[tiab] OR medline[tiab] OR cochrane[tiab] OR pubmed[tiab] OR embase[tiab] OR cinahl[tiab]))) AND 1800:2023[dp]"
CD015551	"(((""Neoplasms""[Mesh] OR ""Antineoplastic Agents""[Mesh] OR anticancer*[tiab] OR antitumor*[tiab] OR antitumour*[tiab] OR anti-cancer*[tiab] OR anti-tumor*[tiab] OR anti-tumour*[tiab] OR antineoplastic*[tiab] OR chemotherap*[tiab] OR neoplas*[tiab] OR tumor*[tiab] OR tumour*[tiab] OR cancer*[tiab] OR malignan*[tiab] OR carcinoma*[tiab] OR sarcoma*[tiab] OR melanoma*[tiab] OR metastas*[tiab] OR glioma*[tiab] OR glioblastoma*[tiab] OR osteosarcoma*[tiab] OR neuroblastoma*[tiab] OR adenocarcinoma*[tiab] OR myeloma*[tiab] OR lymphoma*[tiab] OR hodgkin*[tiab] OR nonhodgkin*[tiab] OR leukemia*[tiab] OR leukaemia*[tiab] OR myelodysplas*[tiab] OR ""Myelodysplastic Syndromes""[Mesh] OR ""B-cell directed""[tiab] OR ""B-cell depletion""[tiab] OR ""B-cell targeted therapy""[tiab] OR ""lymphocyte depletion""[tiab]) AND (Vaccines[Mesh] OR Immunization[Mesh] OR ""Diphtheria-Tetanus Vaccine""[Mesh] OR ""Haemophilus Vaccines""[Mesh] OR ""Pertussis Vaccine""[Mesh] OR Toxoids[Mesh] OR ""Diphtheria Toxoid""[Mesh] OR ""Tetanus Toxoid""[Mesh] OR ""COVID-19 Vaccines""[Mesh] OR ""Herpesvirus Vaccines""[Mesh] OR ""Measles Vaccine""[Mesh] OR ""Mumps Vaccine""[Mesh] OR ""Papillomavirus Vaccines""[Mesh] OR ""Poliovirus Vaccines""[Mesh] OR ""Rubella Vaccine""[Mesh] OR ""Hepatitis B Vaccines""[Mesh] OR ""Chickenpox Vaccine""[Mesh] OR ""Rotavirus Vaccines""[Mesh] OR ""Influenza Vaccines""[Mesh] OR ""Rabies Vaccines""[Mesh] OR ""Typhoid-Paratyphoid Vaccines""[Mesh] OR vaccin*[tiab] OR toxoid*[tiab] OR immuniz*[tiab] OR immunis*[tiab] OR booster*[tiab] OR revaccin*[tiab] OR diphtheri*[tiab] OR pertuss*[tiab] OR tetanus*[tiab] OR DTP*[tiab] OR DTaP*[tiab] OR TDaP*[tiab] OR HIB[tiab] OR hepatitis b[tiab] OR HBV[tiab] OR HepB*[tiab] OR measles*[tiab] OR mumps*[tiab] OR rubella*[tiab] OR MMR[tiab] OR meningococ*[tiab] OR pneumococ*[tiab] OR polio*[tiab] OR rotavirus*[tiab] OR varicell*[tiab] OR chickenpox*[tiab] OR HPV[tiab] OR papillomavirus*[tiab] OR shingles[tiab] OR zoster*[tiab] OR influenza[tiab] OR flu[tiab] OR ""tick-borne encephalitis""[tiab] OR TBE[tiab] OR ""Japanese encephalitis""[tiab] OR cholera*[tiab] OR rabies*[tiab] OR typhoid*[tiab])) AND (randomized controlled trial[pt] OR controlled clinical trial[pt] OR randomized[tiab] OR randomised[tiab] OR placebo[tiab] OR drug therapy[sh] OR randomly[tiab] OR trial[tiab] OR groups[tiab] OR ""Clinical Trial, Phase III""[Publication Type] OR ""phase 3""[tiab] OR phase3[tiab] OR ""phase III""[tiab])) NOT (animals[Mesh] NOT humans[Mesh]) AND 1800:2023[dp]"
CD015592	"((infant*[tiab] OR newborn*[tiab] OR neonat*[tiab] OR baby*[tiab] OR babies[tiab] OR ""gestational age""[tiab] OR ""low birth weight""[tiab] OR ""low birthweight""[tiab] OR premature[tiab] OR preterm[tiab] OR VLBW[tiab] OR LBW[tiab] OR ELBW[tiab] OR NICU[tiab] OR ""Infant, Newborn""[Mesh]) AND (""lumbar puncture""[tiab] OR ""lumbar punctures""[tiab] OR ""spinal puncture""[tiab] OR ""spinal punctures""[tiab] OR ""spinal punction""[tiab] OR ""lumbar punction""[tiab] OR ""spinal tap""[tiab]) AND (position*[tiab] OR lateral[tiab] OR decubitus[tiab] OR sitting[tiab] OR prone[tiab] OR upright[tiab] OR recumbent[tiab] OR tilt*[tiab]) AND (randomized controlled trial[pt] OR controlled clinical trial[pt] OR randomized[tiab] OR randomised[tiab] OR placebo[tiab] OR randomly[tiab] OR trial[tiab] OR groups[tiab] OR quasirandom*[tiab] OR quasi-random*[tiab] OR randomi*[tiab])) NOT (animals[Mesh] NOT humans[Mesh]) AND 1800:2023[dp]"
CD015701	"((HIV[Mesh] OR ""HIV-1""[Mesh] OR ""HIV-2""[Mesh] OR ""HIV Infections""[Mesh] OR ""HIV Seropositivity""[Mesh] OR HIV[tiab] OR HIV1[tiab] OR HIV2[tiab] OR ""HIV-1""[tiab] OR ""HIV-2""[tiab] OR ""HIV-I""[tiab] OR ""HIV-II""[tiab] OR ""human immunodeficiency virus""[tiab] OR ""human immuno-deficiency virus""[tiab] OR ""acquired immune deficiency""[tiab] OR htlv-iii[tiab]) AND (""Disease Susceptibility""[Mesh] OR ""Disease Transmission, Infectious""[Mesh] OR acquiring[tiab] OR acquired[tiab] OR acquisition[tiab] OR transmission[tiab] OR transmitted[tiab] OR transmit*[tiab] OR seroconver*[tiab] OR suscept*[tiab] OR expos*[tiab] OR inciden*[tiab] OR uninfect*[tiab]) AND (""Medroxyprogesterone Acetate""[Mesh] OR ""norethindrone enanthate""[tiab] OR NET-EN[tiab] OR depo[tiab] OR depot[tiab] OR injectable[tiab] OR injection[tiab] OR injections[tiab] OR long-acting[tiab] OR contracept*[tiab] OR ""medroxyprogesterone acetate""[tiab] OR ""medroxy-progesterone acetate""[tiab] OR MPA[tiab] OR norethindrone[tiab] OR NET[tiab] OR progestin[tiab] OR progestogen*[tiab] OR DMPA*[tiab] OR depomedroxy*[tiab] OR depotmedroxy*[tiab] OR ""hormonal contraceptive""[tiab] OR ""hormonal contraceptives""[tiab] OR LARC[tiab] OR ""long-acting reversible""[tiab] OR Depoprovera[tiab] OR ""Depo-Provera""[tiab] OR Depo-subcu[tiab] OR DepoSubQ[tiab] OR ""Depo-SubQ Provera""[tiab] OR Megestron[tiab] OR Noristerat[tiab] OR Petogen[tiab] OR Sayana[tiab] OR Syngestal[tiab] OR Contraception[Mesh] OR ""Contraceptive Agents""[Mesh] OR ""Hormonal Contraception""[Mesh] OR ""Contraceptive Agents, Female""[Mesh] OR ""Contraceptives, Oral""[Mesh] OR ""Ovulation Inhibition""[Mesh] OR ""Pregnancy, Unplanned""[Mesh] OR ""Pregnancy, Unwanted""[Mesh] OR ""Contraceptives, Postcoital""[Mesh] OR ""Contraceptive Devices""[Mesh] OR ""Long-Acting Reversible Contraception""[Mesh] OR ""birth control""[tiab] OR contraceptive[tiab] OR contraceptives[tiab] OR contraception[tiab] OR immunocontracept*[tiab] OR immuno-contracept*[tiab] OR anti-fertility[tiab] OR antifertility[tiab] OR anticonception[tiab] OR anti-conception[tiab] OR anticonceptiv*[tiab] OR ""unplanned pregnancy""[tiab] OR ""unwanted pregnancy""[tiab] OR ""unintended pregnancy""[tiab] OR Algestone[tiab] OR Centchroman[tiab] OR Desogestrel[tiab] OR Dienogest[tiab] OR Drospirenone[tiab] OR Etonogestrel[tiab] OR Levonorgestrel[tiab] OR LNG[tiab] OR Medroxyprogesterone[tiab] OR Megestrol[tiab] OR Norethindrone[tiab] OR Norethisterone[tiab] OR Norgestrel[tiab] OR Progestin*[tiab] OR Ulipristal[tiab] OR IUD[tiab] OR IUDs[tiab] OR IUCD[tiab] OR IUS[tiab] OR implant*[tiab] OR intravaginal[tiab] OR vaginal ring[tiab] OR Annovera[tiab] OR EllaOne[tiab] OR Implanon[tiab] OR Jadelle[tiab] OR Jaydess[tiab] OR Kyleena[tiab] OR Liletta[tiab] OR Mirena[tiab] OR Nexplanon[tiab] OR Norplant[tiab] OR NuvaRing[tiab] OR Skyla[tiab]) AND (controlled clinical trial[pt] OR randomized controlled trial[pt] OR groups[tiab] OR placebo[tiab] OR randomly[tiab] OR randomized[tiab] OR randomised[tiab] OR trial[tiab] OR drug therapy[sh])) NOT ((animals[Mesh] NOT humans[Mesh]) OR acceptability[ti] OR ART[ti] OR antiretroviral[ti] OR anti-retroviral[ti] OR bovine[ti] OR canine[ti] OR cat[ti] OR cats[ti] OR cattle[ti] OR cow[ti] OR cows[ti] OR dapavirine[ti] OR dapivirine[ti] OR dog[ti] OR dogs[ti] OR equine[ti] OR feline[ti] OR goat[ti] OR goats[ti] OR horse[ti] OR ""living with HIV""[ti] OR macaque[ti] OR macaques[ti] OR ""men who have sex with men""[ti] OR menopaus*[ti] OR mice[ti] OR monkey[ti] OR monkeys[ti] OR ""mother-to-child""[ti] OR mouse[ti] OR ovine[ti] OR pig[ti] OR pigs[ti] OR porcine[ti] OR rabbit[ti] OR rabbits[ti] OR rat[ti] OR rats[ti] OR sheep[ti] OR cross-sectional[ti] OR qualitative[ti] OR retrospective[ti] OR ""case reports""[pt] OR comment[pt] OR editorial[pt] OR letter[pt] OR meta-analysis[pt] OR news[pt] OR systematic review[pt] OR review[pt] OR ""Qualitative Research""[Mesh]) AND 2014:2023[dp]"
CD015705	"((""Cell Phone""[Mesh] OR ""Cell Phone Use""[Mesh] OR Smartphone[Mesh] OR ""Mobile Applications""[Mesh] OR ""Medical Informatics Applications""[Mesh] OR ""Text Messaging""[Mesh] OR ""Internet-Based Intervention""[Mesh] OR ""Social Media""[Mesh] OR ""mobile device""[tiab] OR ""mobile devices""[tiab] OR ""mobile phone""[tiab] OR ""mobile phones""[tiab] OR ""mobile telephone""[tiab] OR ""mobile telephones""[tiab] OR cellphone*[tiab] OR ""cell phone""[tiab] OR ""cell phones""[tiab] OR smartphone*[tiab] OR ""smart phone""[tiab] OR ""smart phones""[tiab] OR ""mobile app""[tiab] OR ""mobile apps""[tiab] OR ""mobile application""[tiab] OR ""mobile applications""[tiab] OR ""mobile technology""[tiab] OR ""mobile technologies""[tiab] OR ""short message""[tiab] OR ""short messages""[tiab] OR ""text message""[tiab] OR ""text messages""[tiab] OR texting[tiab] OR ""electronic message""[tiab] OR ""electronic messages""[tiab] OR ""social media""[tiab] OR ""mobile health""[tiab] OR mhealth[tiab] OR m-health[tiab] OR ""electronic health""[tiab] OR ehealth[tiab] OR e-health[tiab] OR ""digital health""[tiab]) AND (""Health Personnel""[Mesh] OR ""Allied Health Personnel""[Mesh] OR ""Community Health Workers""[Mesh] OR ""Dental Auxiliaries""[Mesh] OR ""Emergency Medical Technicians""[Mesh] OR ""Home Health Aides""[Mesh] OR ""Nurses""[Mesh] OR ""Nurse Practitioners""[Mesh] OR ""Physicians""[Mesh] OR ""Physician Assistants""[Mesh] OR ""Pharmacists""[Mesh] OR ""Physical Therapists""[Mesh] OR ""Occupational Therapists""[Mesh] OR ""Dentists""[Mesh] OR ""Medical Staff""[Mesh] OR ""Hospitalists""[Mesh] OR ""Caregivers""[Mesh] OR ""Case Managers""[Mesh] OR ""Health Workforce""[Mesh] OR ((health*[tiab] OR ""health care""[tiab] OR healthcare[tiab] OR medical[tiab]) AND (personnel*[tiab] OR practitioner*[tiab] OR professional*[tiab] OR provider*[tiab] OR staff[tiab] OR worker*[tiab] OR administrator*[tiab] OR assistant*[tiab] OR manager*[tiab] OR technician*[tiab] OR technologist*[tiab])) OR physician*[tiab] OR doctor*[tiab] OR clinician*[tiab] OR practitioner*[tiab] OR hospitalist*[tiab] OR nurse[tiab] OR nurses[tiab] OR ""nursing assistant""[tiab] OR ""nursing assistants""[tiab] OR ""nursing staff""[tiab] OR midwife[tiab] OR midwives[tiab] OR doula*[tiab] OR paramedic*[tiab] OR pharmacist*[tiab] OR dentist*[tiab] OR therapist*[tiab] OR physiotherapist*[tiab] OR psychologist*[tiab] OR psychiatrist*[tiab] OR surgeon*[tiab] OR pediatrician*[tiab] OR paediatrician*[tiab] OR oncologist*[tiab] OR radiologist*[tiab] OR neurologist*[tiab] OR cardiologist*[tiab] OR dermatologist*[tiab]) AND (""Interviews as Topic""[Mesh] OR ""Focus Groups""[Mesh] OR Narration[Mesh] OR ""Qualitative Research""[Mesh] OR qualitative[tiab] OR interview*[tiab] OR ""focus group""[tiab] OR ""focus groups""[tiab] OR ethnograph*[tiab] OR fieldwork[tiab] OR ""field work""[tiab] OR ""key informant""[tiab] OR ""semi-structured""[tiab] OR semistructured[tiab] OR unstructured[tiab] OR informal[tiab] OR ""in-depth""[tiab] OR indepth[tiab] OR ""face-to-face""[tiab] OR structured[tiab] OR guide*[tiab] OR discussion*[tiab] OR questionnaire*[tiab])) AND 2008:2023[dp]"
CD015721	"(((""cerebral""[tiab] AND infarction[tiab]) OR ""cerebral infarction""[tiab] OR ""cerebral arterial infarction""[tiab] OR ""brain ischemia""[tiab] OR ""brain ischaemia""[tiab] OR ""cerebral ischemia""[tiab] OR ""cerebral ischaemia""[tiab] OR ""intravascular thrombolysis""[tiab] OR ""intravenous thrombolysis""[tiab] OR ""large vessel occlusion""[tiab] OR stroke[tiab] OR ""Cerebral Infarction""[Mesh] OR ""Infarction, Anterior Cerebral Artery""[Mesh] OR ""Infarction, Middle Cerebral Artery""[Mesh] OR ""Infarction, Posterior Cerebral Artery""[Mesh] OR Stroke[Mesh] OR ""Brain Infarction""[Mesh] OR ""Ischemic Stroke""[Mesh]) AND (endovascular[tiab] OR thrombectomy[tiab] OR revascularization[tiab] OR revascularisation[tiab] OR reperfusion[tiab] OR ""Cerebral Revascularization""[Mesh] OR Reperfusion[Mesh] OR Thrombectomy[Mesh]) AND (Alteplase[tiab] OR fibrinolytic[tiab] OR ""tissue plasminogen activator""[tiab] OR streptokinase[tiab] OR Streptase[tiab] OR tenecteplase[tiab] OR TNKASE[tiab] OR Streptokinase[Mesh] OR ""Tissue Plasminogen Activator""[Mesh] OR ""Thrombolytic Therapy""[Mesh]) AND (randomized controlled trial[pt] OR controlled clinical trial[pt] OR randomized[tiab] OR randomised[tiab] OR placebo[tiab] OR drug therapy[sh] OR randomly[tiab] OR trial[tiab] OR groups[tiab] OR randomi*[tiab])) NOT (animals[Mesh] NOT humans[Mesh]) AND 1800:2024[dp]"
CD015746	"((""Typhoid Fever""[Mesh] OR ""Paratyphoid Fever""[Mesh] OR ""Salmonella paratyphi A""[Mesh] OR ""Salmonella paratyphi B""[Mesh] OR ""Salmonella paratyphi C""[Mesh] OR ""Salmonella typhi""[Mesh] OR ""typhoid fever""[tiab] OR ""paratyphoid fever""[tiab] OR ""enteric fever""[tiab]) AND (""Vaccines, Conjugate""[Mesh] OR Vaccination[Mesh] OR ""Typhoid-Paratyphoid Vaccines""[Mesh] OR ((typhoid*[tiab]) AND (toxoid*[tiab] OR vaccin*[tiab] OR immuni*[tiab] OR booster*[tiab] OR revaccin*[tiab])) OR ""Vi conjugate""[tiab] OR ""Vi polysaccharide""[tiab] OR ""Tetanus Toxoid""[Mesh] OR Vi-TT[tiab] OR ZYVAC-TCV[tiab] OR Pedatyph[tiab] OR Typbar-TCV[tiab] OR ""Typbar TCV""[tiab] OR Vi-TCV[tiab] OR ""Typhim Vi""[tiab] OR Typherix[tiab] OR Vi-CRM197[tiab] OR TYPHIBEV[tiab] OR Vi-DT[tiab] OR ""Diphtheria Toxoid""[Mesh] OR ""diphtheria toxoid""[tiab] OR ""diphteria toxoid""[tiab] OR (typhoid*[tiab] AND vaccin*[tiab])) AND (controlled clinical trial[pt] OR randomized controlled trial[pt] OR randomized[tiab] OR randomised[tiab] OR placebo[tiab] OR drug therapy[sh] OR randomly[tiab] OR trial[tiab] OR groups[tiab])) NOT (animals[Mesh] NOT humans[Mesh]) AND 1800:2023[dp]"
CD015749	"((""Weight Loss""[Mesh] OR ""Body Weight""[Mesh] OR cachexia[tiab] OR cachexic[tiab] OR cachectic[tiab] OR Malnutrition[Mesh] OR malnutrition[tiab] OR malnourish*[tiab] OR wasting[tiab] OR wasted[tiab] OR underweight[tiab] OR ""protein energy wasting""[tiab] OR PEW[tiab]) AND (""Chronic Disease""[Mesh] OR ((advance*[tiab] OR late-stage[tiab] OR end-stage[tiab]) AND (disease*[tiab] OR illness*[tiab] OR condition*[tiab] OR cancer[tiab])) OR ""Kidney Failure, Chronic""[Mesh] OR ""kidney disease""[tiab] OR ""renal disease""[tiab] OR ""end-stage renal disease""[tiab] OR ""end-stage kidney disease""[tiab] OR ESRD[tiab] OR ESKD[tiab] OR CKD[tiab] OR ""chronic kidney disease""[tiab] OR hemodialysis[tiab] OR haemodialysis[tiab] OR ""Heart Failure""[Mesh] OR ""cardiac disease""[tiab] OR ""cardiovascular disease""[tiab] OR ""heart failure""[tiab] OR ""heart disease""[tiab] OR ""Arthritis, Rheumatoid""[Mesh] OR ""rheumatoid arthritis""[tiab] OR COPD[tiab] OR ""chronic obstructive pulmonary disease""[tiab] OR ""chronic obstructive pulmonary disorder""[tiab] OR ""chronic obstructive lung disease""[tiab] OR ""pulmonary disease""[tiab] OR ""Pulmonary Disease, Chronic Obstructive""[Mesh] OR HIV[Mesh] OR HIV[tiab] OR AIDS[tiab] OR ""acquired immunodeficiency syndrome""[tiab] OR ""human immunodeficiency virus""[tiab] OR Neoplasms[Mesh] OR cancer*[tiab] OR oncolog*[tiab] OR neoplasm*[tiab] OR carcinom*[tiab] OR tumor*[tiab] OR tumour*[tiab] OR malignan*[tiab] OR leukemia[tiab] OR leukaemia[tiab]) AND (((Exercise Therapy[Mesh] OR Exercise[Mesh] OR exercise*[tiab] OR ""Physical Therapy Modalities""[Mesh] OR (physical[tiab] AND therap*[tiab])) AND (""Nutrition Therapy""[Mesh] OR nutrition*[tiab] OR diet*[tiab] OR ""dietary counsel""[tiab] OR ""dietary counselling""[tiab] OR ""dietary counseling""[tiab])) OR ((Exercise Therapy[Mesh] OR Exercise[Mesh] OR exercise*[tiab] OR ""Physical Therapy Modalities""[Mesh] OR (physical[tiab] AND therap*[tiab])) AND (""Drug Therapy""[Mesh] OR (pharmacological[tiab] AND (therap*[tiab] OR treatment*[tiab])) OR pharmacotherap*[tiab] OR ""Adrenal Cortex Hormones""[Mesh] OR corticosteroid*[tiab] OR Progestins[Mesh] OR progestin*[tiab] OR Cannabinoids[Mesh] OR cannab*[tiab] OR Androgens[Mesh] OR androgen*[tiab] OR Olanzapine[Mesh] OR olanzapine[tiab] OR ""Anti-Inflammatory Agents, Non-Steroidal""[Mesh] OR NSAID*[tiab] OR ""non-steroidal anti-inflammatory""[tiab] OR prokinetic*[tiab] OR ""Receptors, Ghrelin""[Mesh] OR ""ghrelin receptor""[tiab] OR ""ghrelin receptors""[tiab] OR Antioxidants[Mesh] OR antioxidant*[tiab] OR Carnitine[Mesh] OR carnitine*[tiab] OR Thalidomide[Mesh] OR thalidomide[tiab] OR ""Fatty Acids, Omega-3""[Mesh] OR (fatty[tiab] AND acid*[tiab]) OR (omega-3[tiab] AND (acid*[tiab] OR oil*[tiab])) OR PUFA*[tiab] OR DHA*[tiab] OR EPA*[tiab] OR Ibuprofen[Mesh] OR ibuprofen[tiab] OR Testosterone[Mesh] OR testosterone[tiab])) OR ((""Nutrition Therapy""[Mesh] OR nutrition*[tiab] OR diet*[tiab] OR ""dietary counsel""[tiab] OR ""dietary counselling""[tiab] OR ""dietary counseling""[tiab]) AND (""Drug Therapy""[Mesh] OR (pharmacological[tiab] AND (therap*[tiab] OR treatment*[tiab])) OR pharmacotherap*[tiab] OR ""Adrenal Cortex Hormones""[Mesh] OR corticosteroid*[tiab] OR Progestins[Mesh] OR progestin*[tiab] OR Cannabinoids[Mesh] OR cannab*[tiab] OR Androgens[Mesh] OR androgen*[tiab] OR Olanzapine[Mesh] OR olanzapine[tiab] OR ""Anti-Inflammatory Agents, Non-Steroidal""[Mesh] OR NSAID*[tiab] OR ""non-steroidal anti-inflammatory""[tiab] OR prokinetic*[tiab] OR ""Receptors, Ghrelin""[Mesh] OR ""ghrelin receptor""[tiab] OR ""ghrelin receptors""[tiab] OR Antioxidants[Mesh] OR antioxidant*[tiab] OR Carnitine[Mesh] OR carnitine*[tiab] OR Thalidomide[Mesh] OR thalidomide[tiab] OR ""Fatty Acids, Omega-3""[Mesh] OR (fatty[tiab] AND acid*[tiab]) OR (omega-3[tiab] AND (acid*[tiab] OR oil*[tiab])) OR PUFA*[tiab] OR DHA*[tiab] OR EPA*[tiab] OR Ibuprofen[Mesh] OR ibuprofen[tiab] OR Testosterone[Mesh] OR testosterone[tiab])) OR ((multi-modal*[tiab] OR multimodal*[tiab]) AND treatment*[tiab]) OR ((multi-modal*[tiab] OR multimodal*[tiab]) AND therap*[tiab]) OR (combin*[tiab] AND (therap*[tiab] OR treatment*[tiab])) OR add*[tiab] OR combin*[tiab] OR multipl*[tiab] OR plus[tiab] OR polytherap*[tiab] OR versus[tiab] OR vs[tiab] OR ""Combined Modality Therapy""[Mesh]) AND (randomized controlled trial[pt] OR controlled clinical trial[pt] OR randomized[tiab] OR randomised[tiab] OR placebo[tiab] OR drug therapy[sh] OR randomly[tiab] OR trial[tiab] OR groups[tiab])) NOT (animals[Mesh] NOT humans[Mesh]) AND 1800:2023[dp]"
CD015751	"((randomized controlled trial[pt] OR controlled clinical trial[pt] OR randomized[tiab] OR randomised[tiab] OR placebo[tiab] OR randomly[tiab] OR trial[tiab] OR groups[tiab]) NOT (animals[Mesh] NOT humans[Mesh]) AND (""Contact Lenses""[Mesh] OR ""contact lens""[tiab] OR ""contact lenses""[tiab] OR ""soft contact""[tiab] OR ""soft lens""[tiab] OR ""soft lenses""[tiab] OR ""silicone hydrogel""[tiab] OR hydrogel[tiab]) AND (""Ophthalmic Solutions""[Mesh] OR ""Nonprescription Drugs""[Mesh] OR ""artificial tear""[tiab] OR ""artificial tears""[tiab] OR ""tear substitute""[tiab] OR ""tear substitutes""[tiab] OR eyedrop[tiab] OR eyedrops[tiab] OR ""eye drop""[tiab] OR ""eye drops""[tiab] OR rewetting[tiab] OR lubricating[tiab] OR lubricant[tiab] OR lubricants[tiab] OR ""sodium hyaluronate""[tiab] OR hyaluronic[tiab] OR hypromellose[tiab] OR carboxymethylcellulose[tiab] OR methylcellulose[tiab] OR glycerin[tiab] OR ""polyethylene glycol""[tiab] OR ""propylene glycol""[tiab] OR povidone[tiab] OR ""mineral oil""[tiab])) AND 1800:2023[dp]"
CD015786	"((""Sentinel Lymph Node Biopsy""[Mesh] OR ""Sentinel Lymph Node""[Mesh] OR ""Lymph Node Excision""[Mesh] OR ""Lymph Nodes""[Mesh] OR ((sentinel[tiab] OR lymph[tiab] OR node*[tiab]) AND (excision*[tiab] OR dissection*[tiab] OR surg*[tiab] OR removal[tiab] OR clearance[tiab])) OR lymphadenectom*[tiab]) AND (""Uterine Neoplasms""[Mesh] OR ((endometr*[tiab] OR uter*[tiab]) AND (neoplas*[tiab] OR carcinom*[tiab] OR adenocarcinom*[tiab] OR malignan*[tiab] OR cancer*[tiab] OR tumor*[tiab] OR tumour*[tiab]))) AND (randomized controlled trial[pt] OR controlled clinical trial[pt] OR randomized[tiab] OR randomly[tiab] OR trial[tiab] OR groups[tiab])) NOT (animals[Mesh] NOT humans[Mesh]) AND 1800:2023[dp]"
CD015788	"((randomized controlled trial[pt] OR controlled clinical trial[pt] OR randomized[tiab] OR randomised[tiab] OR placebo[tiab] OR randomly[tiab] OR trial[tiab] OR groups[tiab]) NOT (animals[Mesh] NOT humans[Mesh]) AND (Glaucoma[Mesh] OR ""Ocular Hypertension""[Mesh] OR ""Intraocular Pressure""[Mesh] OR glaucom*[tiab] OR POAG[tiab] OR IOP[tiab] OR ((intraocular[tiab] OR ocular[tiab]) AND (hypertension*[tiab] OR pressur*[tiab]))) AND (""Antihypertensive Agents""[Mesh] OR ""Administration, Topical""[Mesh] OR ""Administration, Ophthalmic""[Mesh] OR antihypertensi*[tiab] OR ""IOP lowering""[tiab] OR therap*[tiab] OR treat*[tiab] OR medicat*[tiab] OR drop*[tiab] OR eyedrop*[tiab] OR topical*[tiab] OR ""ophthalmic solution""[tiab]) AND (""Treatment Adherence and Compliance""[Mesh] OR ""Medication Adherence""[Mesh] OR ""Patient Education as Topic""[Mesh] OR ""Reminder Systems""[Mesh] OR ""Self Efficacy""[Mesh] OR ""Self Care""[Mesh] OR ""Motivational Interviewing""[Mesh] OR adhere*[tiab] OR nonadhere*[tiab] OR complianc*[tiab] OR compliant*[tiab] OR barrier*[tiab] OR literacy[tiab] OR concordance[tiab] OR dropout*[tiab] OR persistence[tiab] OR ""self efficacy""[tiab] OR ""self care""[tiab] OR ""self management""[tiab] OR discontinu*[tiab] OR tolerability[tiab] OR cooperat*[tiab] OR satisfaction[tiab] OR preference*[tiab] OR remind*[tiab] OR education[tiab] OR educational[tiab] OR train*[tiab] OR teach*[tiab] OR intervention*[tiab] OR ""eye drop""[tiab] OR ""eye drops""[tiab] OR eyedrop*[tiab] OR ""drop instillation""[tiab] OR ""motivational interview""[tiab] OR ""motivational interviewing""[tiab] OR ""behavior change""[tiab] OR ""behaviour change""[tiab] OR multifaceted[tiab] OR coach*[tiab] OR counsel*[tiab])) AND 1800:2023[dp]"
CD015790	"((randomized[tiab] OR randomised[tiab] OR placebo[tiab] OR randomly[tiab] OR trial[tiab] OR groups[tiab] OR randomized controlled trial[pt] OR controlled clinical trial[pt]) AND (Vision Disorders[Mesh] OR ""Refractive Errors""[Mesh] OR ""Macular Degeneration""[Mesh] OR ""Diabetic Retinopathy""[Mesh] OR Cataract[Mesh] OR Glaucoma[Mesh] OR ""Visually Impaired Persons""[Mesh] OR glaucom*[tiab] OR cataract*[tiab] OR ""macular degeneration""[tiab] OR AMD[tiab] OR ARMD[tiab] OR ""diabetic retinopathy""[tiab] OR blindness[tiab] OR ""low vision""[tiab] OR ""visual impairment""[tiab] OR ""vision impairment""[tiab] OR ""vision loss""[tiab] OR ""visual function""[tiab] OR ""refractive error""[tiab] OR LASIK[tiab] OR glasses[tiab] OR eyeglasses[tiab] OR spectacle*[tiab]) AND (""Quality of Life""[Mesh] OR ""Activities of Daily Living""[Mesh] OR ""Health Status""[Mesh] OR ""Surveys and Questionnaires""[Mesh] OR quality[tiab] OR QOL[tiab] OR HRQOL[tiab] OR wellbeing[tiab] OR ""well being""[tiab] OR qaly*[tiab] OR EQ5D[tiab] OR SF36[tiab] OR SF12[tiab] OR VFQ[tiab] OR VFQ25[tiab] OR ""NEI VFQ""[tiab] OR ""visual function questionnaire""[tiab] OR IVI[tiab] OR LVQOL[tiab] OR ""visual activities""[tiab] OR ""visual disability""[tiab]) AND (""Self-Management""[Mesh] OR ""Self Efficacy""[Mesh] OR ""Self Care""[Mesh] OR ""Patient Education as Topic""[Mesh] OR ""Patient Compliance""[Mesh] OR ""Disease Management""[Mesh] OR ""Occupational Therapy""[Mesh] OR ""self management""[tiab] OR ""self care""[tiab] OR ""self efficacy""[tiab] OR ""self monitoring""[tiab] OR ""self help""[tiab] OR education[tiab] OR educational[tiab] OR training[tiab] OR intervention*[tiab] OR behavior*[tiab] OR behaviour*[tiab] OR compliance[tiab] OR ""problem solving""[tiab] OR ""goal setting""[tiab] OR ""decision making""[tiab] OR empowerment[tiab] OR coping[tiab] OR ""psychosocial support""[tiab] OR ""low vision intervention""[tiab] OR ""visual impairment intervention""[tiab] OR assistive[tiab] OR magnifier*[tiab] OR ""screen reader""[tiab] OR ""reading glasses""[tiab])) NOT (animals[Mesh] NOT humans[Mesh]) AND 1800:2023[dp]"
CD015794	"((""soil-transmitted helminth""[tiab] OR ""soil-transmitted helminths""[tiab] OR ""soil transmitted helminth""[tiab] OR ""soil transmitted helminths""[tiab] OR (soil[tiab] AND transmitted[tiab] AND (helminth*[tiab] OR worm*[tiab])) OR Strongyloidea[Mesh] OR strongyloid*[tiab] OR Strongyloidiasis[Mesh] OR ""Hookworm Infections""[Mesh] OR hookworm*[tiab] OR trichuris[tiab] OR ""Ascaris lumbricoides""[Mesh] OR ascaris[tiab] OR Ascaris[Mesh] OR Ascariasis[Mesh] OR ""Necator americanus""[Mesh] OR Necatoriasis[Mesh] OR necator[tiab] OR Necator[Mesh] OR Ancylostomiasis[Mesh] OR Ancylostoma[Mesh] OR ancylostom*[tiab]) AND (""Mass Drug Administration""[Mesh] OR ""mass drug administration""[tiab] OR ""mass administration""[tiab] OR ""mass treatment""[tiab] OR ""coordinated administration""[tiab] OR ""mass distribution""[tiab] OR ""coordinated distribution""[tiab] OR MDA[tiab]) AND (""Qualitative Research""[Mesh] OR qualitative[tiab] OR ""focus group""[tiab] OR ""focus groups""[tiab] OR ""grounded theory""[tiab] OR ""narrative analysis""[tiab] OR ""narrative analyses""[tiab] OR ""lived experience""[tiab] OR ""lived experiences""[tiab] OR ""life experience""[tiab] OR ""life experiences""[tiab] OR ""theoretical sampling""[tiab] OR purposive[tiab] OR semi-structured[tiab] OR semistructured[tiab] OR ""structured category""[tiab] OR ""structured categories""[tiab] OR ""unstructured category""[tiab] OR ""unstructured categories""[tiab] OR ""action research""[tiab] OR audiorecord*[tiab] OR taperecorded*[tiab] OR videorecord*[tiab] OR videotap*[tiab] OR audio[tiab] OR tape[tiab] OR video*[tiab] OR interview*[tiab] OR Interview[Mesh] OR quasi-experiment*[tiab] OR ""case study""[tiab] OR ""case studies""[tiab] OR ethno*[tiab] OR emic[tiab] OR etic[tiab] OR phenomenology*[tiab] OR hermeneutic*[tiab] OR (survey*[tiab] AND questionnaire*[tiab]) OR ""Self Report""[Mesh] OR ""Anthropology, Cultural""[Mesh] OR collaborat*[tiab] OR consultat*[tiab] OR experience[tiab] OR involve*[tiab] OR narrative*[tiab] OR opinion*[tiab] OR participat*[tiab] OR partner*[tiab] OR perspective*[tiab] OR story[tiab] OR stories[tiab])) AND 1800:2024[dp]"
CD015802	"(""Caffeine""[Mesh] OR caffeine[tw] OR caffedrine[tw] OR coffein[tw] OR cafeine[tw] OR methylxanthine[tw] OR trimethylxanthine[tw] ) AND ( ""Infant, Newborn""[Mesh] OR ""Intensive Care, Neonatal""[Mesh] OR ""Intensive Care Units, Neonatal""[Mesh] OR ""Gestational Age""[Mesh] OR babe*[tw] OR baby*[tw] OR babies[tw] OR ""gestational age""[tw] OR ""gestational ages""[tw] OR infant*[tw] OR ""infant s""[tw] OR ""infant's""[tw] OR infantile[tw] OR infancy[tw] OR ""low birth weight""[tw] OR low birthweight[tw] OR neonat*[tw] OR neo-nat*[tw] OR newborn*[tw] OR ""new born""[tw] OR ""new borns""[tw] OR ""newly born""[tw] OR premature[tw] OR prematures[tw] OR pre-mature*[tw] OR prematurity[tw] OR pre-maturity[tw] OR preterm*[tw] OR ""pre term""[tw] OR ""pre terms""[tw] OR preemie*[tw] OR premie*[tw] OR VLBW[tw] OR VLBWI[tw] OR ""VLBW-I""[tw] OR VLBWs[tw] OR LBW[tw] OR LBWI[tw] OR LBWs[tw] OR ELBW[tw] OR ELBWI[tw] OR ELBWs[tw] OR NICU[tw] OR NICUs[tw] ) AND ( ""Randomized Controlled Trial""[pt] OR ""Controlled Clinical Trial""[pt] OR randomized[tiab] OR placebo[tiab] OR ""drug therapy""[sh] OR randomly[tiab] OR trial[tiab] OR groups[tiab] OR quasirandom*[tw] OR quasi-random*[tw] OR randomi*[tw] OR randomly[tw] OR control*[tw] AND ( group[tw] OR groups[tw] OR random[tw] OR trial[tw] OR trials[tw] OR study[tw] ) ) NOT ( animals[mh] NOT humans[mh] ) AND ( 1900:2023[dp] )"
CD015804	"2023[dp] AND ((""Randomized Controlled Trial""[pt] OR ""Controlled Clinical Trial""[pt] OR randomized[tiab] OR randomised[tiab] OR placebo[tiab] OR ""Drug Therapy""[sh] OR randomly[tiab] OR trial[tiab] OR groups[tiab]) NOT (animals[Mesh] NOT humans[Mesh:NoExp])) AND (""macular degeneration""[Mesh] OR ""retinal degeneration""[Mesh] OR ""retinal neovascularization""[Mesh] OR ""choroidal neovascularization""[Mesh] OR ""macula lutea""[Mesh] OR maculopath*[tiab] OR ((macul*[tiab] OR retina*[tiab] OR choroid*[tiab]) AND degener*[tiab]) OR ((macul*[tiab] OR retina*[tiab] OR choroid*[tiab]) AND neovasc*[tiab]) OR (macula*[tiab] AND lutea[tiab]) OR AMD[tiab] OR ARMD[tiab] OR CNV[tiab] OR nAMD[tiab]) AND (""Biosimilar Pharmaceuticals""[Mesh] OR biosimilar*[tiab] OR biobetter*[tiab] OR biomimic*[tiab] OR biogeneric*[tiab] OR (biologic*[tiab] AND (""subsequent entry""[tiab] OR ""follow-on""[tiab] OR similar*[tiab] OR ""me-too""[tiab] OR ""non-innovator*""[tiab])) OR (similar*[tiab] AND biotherapeutic*[tiab]) OR Ranibizumab[Mesh] OR Ranibizumab*[tiab] OR ""BCD 100""[tiab] OR BCD100[tiab] OR ""bcd 300""[tiab] OR bcd300[tiab] OR byooviz[tiab] OR ""chs 201""[tiab] OR ""chs 3351""[tiab] OR chs201[tiab] OR chs3351[tiab] OR cimerli[tiab] OR ""ckd 701""[tiab] OR ckd701[tiab] OR ""cmab 818""[tiab] OR cmab818[tiab] OR ""fyb 201""[tiab] OR fyb201[tiab] OR GBS007[tiab] OR ""GBS-007""[tiab] OR ""idb 0062""[tiab] OR idb0062[tiab] OR ""LUBT 010""[tiab] OR LUBT010[tiab] OR lucentis[tiab] OR lucentris[tiab] OR ongavia[tiab] OR ""pf 582""[tiab] OR pf582[tiab] OR ""ql 1205""[tiab] OR ql1205[tiab] OR ranivisio[tiab] OR ranizurel*[tiab] OR razumab*[tiab] OR ""rg 3645""[tiab] OR ""rg 6321""[tiab] OR rg3645[tiab] OR rg6321[tiab] OR ""rhuFab V2""[tiab] OR RTPR024[tiab] OR ""R-TPR-024""[tiab] OR ""sb 11""[tiab] OR sb11[tiab] OR SJP0133[tiab] OR ""SJP-0133""[tiab] OR susvimo[tiab] OR ximluci[tiab] OR xlucane[tiab] OR Aflibercept*[tiab] OR ""abp 938""[tiab] OR abp938[tiab] OR ""alt l9""[tiab] OR altl9[tiab] OR ""ave 0005""[tiab] OR ""ave 005""[tiab] OR ave0005[tiab] OR ave005[tiab] OR ""avt 06""[tiab] OR avt06[tiab] OR ""bay 86 5321""[tiab] OR ""bay 865321""[tiab] OR bay865321[tiab] OR ""chs 2020""[tiab] OR chs2020[tiab] OR ""CT-P42""[tiab] OR CTP42[tiab] OR eylea[tiab] OR eylia[tiab] OR ""fyb 203""[tiab] OR fyb203[tiab] OR ""gbs 012""[tiab] OR gbs012[tiab] OR ""ly 01012""[tiab] OR ""ly 09004""[tiab] OR ly01012[tiab] OR ly09004[tiab] OR ""myl 1701p""[tiab] OR myl1701p[tiab] OR ""ot 702""[tiab] OR ot702[tiab] OR ""pbp 1602""[tiab] OR pbp1602[tiab] OR ""pmc 902""[tiab] OR pmc902[tiab] OR ""ql 1207""[tiab] OR ql1207[tiab] OR ""regn 3""[tiab] OR regn3[tiab] OR ""sb 15""[tiab] OR sb15[tiab] OR ""scb 420""[tiab] OR scb420[tiab] OR ""scd 411""[tiab] OR scd411[tiab] OR ""sok 583a1""[tiab] OR sok583a1[tiab] OR SOK583A19[tiab] OR ""SOK 583 A19""[tiab] OR ""syn 112""[tiab] OR syn112[tiab] OR ""vascular endothelial growth factor trap""[tiab] OR ""vasculotropin trap""[tiab] OR ""VEGF Trap""[tiab] OR wetlia[tiab] OR zaltrap[tiab])"
CD015806	"2023[dp] AND (((""Tuberculosis, Pulmonary""[Mesh:NoExp] OR ""Mycobacterium tuberculosis""[Mesh:NoExp] OR ""Tuberculosis, Multidrug-Resistant""[Mesh:NoExp] OR ""Extensively Drug-Resistant Tuberculosis""[Mesh:NoExp] OR (tuberculosis[tiab] AND (lung[tiab] OR pulmonary[tiab] OR respiratory[tiab])) OR (tuberculosis[tiab] AND ((drug[tiab] AND resistan*[tiab]) OR (multidrug[tiab] AND resistan*[tiab]) OR mdr[tiab] OR xdr[tiab]))) NOT (animals[Mesh] NOT humans[Mesh])) AND (""TB-LAMP""[tw] OR ""Loop-Mediated Isothermal Amplification""[tw] OR LAMP[tw] OR LOOPAMP*[tw] OR (cartridge[tiab] AND test*[tiab]) OR Molbio[tiab] OR Truenat[tiab] OR Cepheid[tiab] OR Xpert*[tiab] OR Bioneer[tiab] OR Hain[tiab] OR Genexpert*[tiab] OR ""Reagent Kits, Diagnostic""[Mesh] OR (rapid[tiab] AND (detect*[tiab] OR test*[tiab] OR diagnos*[tiab])) OR ""smear microscopy""[tiab] OR ""index test""[tiab] OR ""index tests""[tiab]))"
CD015820	"2023[dp] AND (((""Randomized Controlled Trial""[pt] OR ""Controlled Clinical Trial""[pt] OR randomized[tiab] OR randomised[tiab] OR placebo[tiab] OR ""Drug Therapy""[sh] OR randomly[tiab] OR trial[tiab] OR groups[tiab]) NOT (animals[Mesh] NOT humans[Mesh:NoExp])) AND ((Amblyopia[Mesh] OR Strabismus[Mesh] OR Anisometropia[Mesh] OR ""Refractive Errors""[Mesh] OR amblyop*[tiab] OR (lazy[tiab] AND eye*[tiab]) OR lazyeye*[tiab] OR strabism*[tiab] OR squint*[tiab] OR astigmati*[tiab] OR meridonal[tiab] OR anisometropi*[tiab] OR ammetropi*[tiab] OR ametropi*[tiab] OR (refractive[tiab] AND error*[tiab])) AND (""Treatment Adherence and Compliance""[Mesh] OR ""Guideline Adherence""[Mesh] OR ""Patient Education as Topic""[Mesh] OR ""Health Educators""[Mesh] OR ""Health Communication""[Mesh] OR ""Consumer Health Information""[Mesh] OR ""Information Literacy""[Mesh] OR ""Reminder Systems""[Mesh] OR ""Self Efficacy""[Mesh] OR ""Self Care""[Mesh] OR ""Psychosocial Intervention""[Mesh] OR ""Internet-Based Intervention""[Mesh] OR Reward[Mesh] OR Software[Mesh] OR ""Virtual Reality""[Mesh] OR ""Video Games""[Mesh] OR ""Pictorial Works as Topic""[Mesh] OR Calendar[Mesh] OR Diary[Mesh] OR Motivation[Mesh] OR ""Motivational Interviewing""[Mesh] OR adhere*[tiab] OR nonadhere*[tiab] OR comply[tiab] OR complianc*[tiab] OR compliant*[tiab] OR complied[tiab] OR noncomplianc*[tiab] OR noncompliant*[tiab] OR barrier*[tiab] OR ""treatment refusal""[tiab] OR literacy[tiab] OR concordance[tiab] OR dropout*[tiab] OR ""drop out""[tiab] OR ""drop outs""[tiab] OR persist*[tiab] OR conform*[tiab] OR ""self efficacy""[tiab] OR persistence[tiab] OR persistency[tiab] OR ""self care""[tiab] OR ""self manag*""[tiab] OR ""self administ*""[tiab] OR ""self instil*""[tiab] OR ((discontinu*[tiab] OR abstention[tiab] OR abstain*[tiab] OR stop*[tiab] OR abandon*[tiab]) AND (treat*[tiab] OR medic*[tiab] OR therap*[tiab] OR patch*[tiab] OR glasses[tiab] OR spectacle*[tiab] OR atropine[tiab])) OR tolerability[tiab] OR intolerability[tiab] OR cooperat*[tiab] OR ""co operat*""[tiab] OR conform*[tiab] OR uncooperat*[tiab] OR ((patient*[tiab] OR health[tiab] OR consumer*[tiab] OR subject*[tiab] OR caregiver*[tiab] OR treatment*[tiab]) AND (acceptance[tiab] OR satisfaction[tiab] OR preference*[tiab])) OR ((mnemonic[tiab] OR memory[tiab] OR remind*[tiab]) AND (aid[tiab] OR aids[tiab] OR tool[tiab] OR tools[tiab] OR device[tiab] OR devices[tiab] OR app[tiab] OR apps[tiab] OR application*[tiab] OR system[tiab] OR systems[tiab] OR automate*[tiab])) OR reward*[tiab] OR motivat*[tiab] OR engag*[tiab] OR (behav*[tiab] AND chang*[tiab]) OR ((behav*[tiab] OR educ*[tiab] OR psychosocial*[tiab] OR psycholog*[tiab]) AND (intervention*[tiab] OR program*[tiab] OR initiative*[tiab])) OR calendar*[tiab] OR diary[tiab] OR diaries[tiab] OR ""computer log""[tiab] OR ""computer logs""[tiab] OR (track*[tiab] AND device*[tiab]) OR (track*[tiab] AND sensor*[tiab]) OR (monitor*[tiab] AND treatment*[tiab]) OR (device*[tiab] AND timer*[tiab]) OR ""electronic data""[tiab] OR (treatment[tiab] AND software*[tiab]) OR (dose[tiab] AND monitor*[tiab]) OR cartoon*[tiab] OR story[tiab] OR stories[tiab] OR sticker*[tiab] OR pamphlet*[tiab] OR leaflet*[tiab] OR video*[tiab] OR ""virtual reality""[tiab] OR game[tiab] OR games[tiab] OR gaming[tiab])))"
CD015890	"(tubercul*[tw]) AND (diabet*[tw] OR BMI[tiab] OR ""body mass index""[tiab] OR underweight[tiab] OR malnutri*[tw] OR undernutri*[tiab] OR wasting[tw] OR undernourish*[tiab] OR malnourish*[tiab] OR Kwashiorkor*[tw] OR ""nutritional deficien*""[tiab]) AND (risk[tw] OR prevalence[tw] OR incidence[tw] OR cohort[tw]) AND 2023[dp]"
CD015894	"((""Infant, Newborn""[Mesh] OR ""Intensive Care, Neonatal""[Mesh] OR ""Intensive Care Units, Neonatal""[Mesh] OR ""Gestational Age""[Mesh] OR babe[tw] OR babes[tw] OR baby*[tw] OR babies[tw] OR ""gestational age*""[tw] OR infant*[tw] OR infantile[tw] OR infancy[tw] OR ""low birth weight""[tw] OR low birthweight[tw] OR neonat*[tw] OR neo-nat*[tw] OR newborn*[tw] OR ""new born*""[tw] OR ""newly born""[tw] OR premature[tw] OR pre-mature[tw] OR pre-matures[tw] OR prematures[tw] OR prematurity[tw] OR pre-maturity[tw] OR preterm[tw] OR preterms[tw] OR ""pre term*""[tw] OR preemie[tw] OR preemies[tw] OR premies[tw] OR premie[tw] OR VLBW[tw] OR VLBWI[tw] OR VLBW-I[tw] OR VLBWs[tw] OR LBW[tw] OR LBWI[tw] OR LBWs[tw] OR ELBW[tw] OR ELBWI[tw] OR ELBWs[tw] OR NICU[tw] OR NICUs[tw]) AND (""Acupuncture Therapy""[Mesh] OR ""Acupuncture""[Mesh] OR ""Acupuncture Points""[Mesh] OR ""Acupuncture Analgesia""[Mesh] OR ""Acupuncture, Ear""[Mesh] OR ""Meridians""[Mesh] OR Acupunct*[tw] OR acupoint*[tw] OR acupressure*[tw] OR ""catgut embedding""[tw] OR electroacupuncture*[tw] OR electro-acupuncture*[tw] OR pharmacopuncture[tw] OR meridian*[tw] OR ""transcutaneous electric nerve stimulation""[tw] OR NESAP[tw] OR Neuromodulat*[tw] OR ""electric stimulation therap*""[tw] OR ""neuroelectric therap*""[tw] OR ""neuro-electric therap*""[tw] OR teishin[tw] OR ""dry needling""[tw]) AND (((""Randomized Controlled Trial""[pt] OR ""Controlled Clinical Trial""[pt] OR randomized[tiab] OR placebo[tiab] OR ""Drug Therapy""[sh] OR randomly[tiab] OR trial[tiab] OR groups[tiab]) OR quasirandom*[tw] OR quasi-random*[tw] OR random*[tw] OR (control*[tw] AND (group[tw] OR groups[tw] OR trial[tw] OR trials[tw] OR study[tw]))) NOT (animals[Mesh] NOT humans[Mesh]))) AND 2023[dp]"
CD016013	"(tubercul*[tw]) AND (diabet*[tw] OR BMI[tiab] OR ""body mass index""[tiab] OR underweight[tiab] OR malnutri*[tw] OR undernutri*[tiab] OR wasting[tw] OR undernourish*[tiab] OR malnourish*[tiab] OR Kwashiorkor*[tw] OR ""nutritional deficien*""[tiab]) AND (risk[tw] OR prevalence[tw] OR incidence[tw] OR cohort[tw]) AND 2023[dp]"
CD016058	"2024[dp] AND ( ( e-cig*[tw] OR ecig*[tw] OR (electr*[tw] AND cigar*[tw]) OR (electronic[tw] AND nicotine[tw]) OR vape[tiab] OR vapes[tiab] OR vaporizer[tiab] OR vapourizer[tiab] OR vaporiser[tiab] OR vapouriser[tiab] OR vaper[tiab] OR vapers[tiab] OR vaping[tiab] OR ""Electronic Nicotine Delivery Systems""[Mesh] OR ""Vaping""[Mesh] ) AND ( ( ""Randomized Controlled Trial""[pt] OR ""Controlled Clinical Trial""[pt] OR randomized[ab] OR placebo[ab] OR ""Clinical Trials as Topic""[Mesh] OR randomly[ab] OR trial[ti] ) NOT (animals[Mesh] NOT humans[Mesh]) ) AND ( ""Smoking Cessation""[Mesh] OR ""Tobacco Use Cessation""[Mesh] OR (nicotine[tw] AND dependence[tw]) OR (tobacco[tw] AND dependence[tw]) OR ""Smoking""[Mesh] OR ""Tobacco Use Disorder""[Mesh] OR ""Smoking Reduction""[Mesh] OR ""Pipe Smoking""[Mesh] OR ""Tobacco Smoking""[Mesh] OR ""Tobacco Products""[Mesh] OR ( ( quit*[tiab] OR stop*[tiab] OR cessation[tiab] OR ceas*[tiab] OR giv*[tiab] OR abstain*[tiab] OR abstinen*[tiab] OR reduc*[tiab] ) AND ( e-cig*[tiab] OR ecig*[tiab] OR (electr*[tiab] AND cigar*[tiab]) OR (electronic[tiab] AND nicotine[tiab]) OR vape[tiab] OR vapes[tiab] OR vaporizer[tiab] OR vapourizer[tiab] OR vaporiser[tiab] OR vapouriser[tiab] OR vaper[tiab] OR vapers[tiab] OR vaping[tiab] ) ) OR ""Tobacco""[Mesh] OR ""Nicotine""[Mesh] ) )"
CD016070	"( ""Mycobacterium tuberculosis""[Mesh] OR ""Tuberculosis""[Majr] OR ""Tuberculosis, Pulmonary""[Mesh] OR ""Tuberculosis, Multidrug-Resistant""[Mesh] OR ""Extensively Drug-Resistant Tuberculosis""[Mesh] OR ""multidrug resistant tuberculosis""[tw] OR ""extensively drug resistant tuberculosis""[tw] OR tuberculosis[tiab] OR TB[tiab] ) AND ( Xpert*[tiab] OR GeneXpert*[tiab] OR cepheid[tiab] OR Truenat*[tw] OR Molbio[tw] OR TruRif[tw] OR ""STANDARD M10""[tw] OR ""SD Biosensor""[tw] OR ""IRON-qPCR""[tw] OR BIONEER[tw] OR ""TB-LAMP""[tw] OR ""Loop-Mediated Isothermal Amplification""[tw] OR LAMP[tw] OR LOOPAMP[tw] OR NAAT*[tw] OR ""Nucleic Acid Amplification Techniques""[Mesh] OR ""nucleic acid amplification""[tw] OR ""Diagnostic Tests, Routine""[Mesh] OR RDT*[tw] OR (rapid[tiab] AND diagnos*[tiab]) OR LAM[tw] OR lipoarabinomannan[tw] OR alerelam[tw] OR ""determine tb lam""[tw] OR ""lf-lam""[tw] OR ""TB LAM""[tw] OR AlereLAM[tw] OR FujiLAM[tw] ) AND 2023[dp]"
CD016071	"(((""Mycobacterium tuberculosis""[Mesh] OR ""Tuberculosis""[Majr] OR ""Tuberculosis, Pulmonary""[Mesh] OR ""multidrug resistant tuberculosis""[tw] OR ""Tuberculosis, Multidrug-Resistant""[Mesh] OR ""extensively drug resistant tuberculosis""[tw] OR ""Extensively Drug-Resistant Tuberculosis""[Mesh] OR tuberculosis[tiab] OR TB[tiab]) AND (Xpert*[tiab] OR GeneXpert*[tiab] OR cepheid[tiab] OR Truenat*[tw] OR Molbio[tw] OR TruRif[tw] OR ""STANDARD M10""[tw] OR ""IRON-qPCR""[tw] OR BIONEER[tw] OR TB-LAMP*[tw] OR ""Loop-Mediated Isothermal Amplification""[tw] OR LAMP[tw] OR LOOPAMP[tw] OR NAAT*[tw] OR ""Nucleic Acid Amplification Techniques""[Mesh] OR ""nucleic acid amplification""[tw] OR ""Diagnostic Tests, Routine""[Mesh] OR RDT*[tw] OR (rapid[tiab] AND diagnos*[tiab]))) OR (LAM[tw] OR lipoarabinomannan[tw] OR alerelam[tw] OR ""determine tb lam""[tw] OR ""lf-lam""[tw] OR ""TB LAM""[tw])) AND (child[tw] OR children*[tw] OR childhood[tw] OR infan*[tw] OR newborn[tw] OR neonat*[tw] OR toddler*[tw] OR adolescen*[tw] OR ""Child""[Mesh] OR ""Infant""[Mesh] OR ""Adolescent""[Mesh] OR ""Pediatrics""[Mesh]) AND 2024[dp]"
